,id,name,winningTeam,Map.fileName,Map.scriptName,durationMs,startTime
0,c4fba1640df15ffb2dcea5093ec548e0,Raikoh,True,ice_scream_v2.5,Ice Scream v2.5,773200,2023-07-02T22:35:48.000Z
1,4df4a16411d11504ad0aacf70ece06d0,Raikoh,True,forge_v1.4,Forge v1.4,1384900,2023-07-02T22:03:57.000Z
2,2beea1640ca3b602a92ff80fe15ab8ed,Raikoh,False,hades_ponds_0.7,Hades Ponds 0.7,1184267,2023-07-02T21:37:47.000Z
3,0fbca164bc08f64ca0aa67d41f2cb5f6,Raikoh,True,Rosetta1.4,Rosetta 1.4,2825267,2023-07-02T18:03:59.000Z
4,c485a16417be1a4e50c9a3b1b4609765,Raikoh,True,carrot_mountains_v1.0,Carrot Mountains v1.0,2537667,2023-07-02T14:12:20.000Z
5,3e7fa164033fda08c4593852ebec7d80,Raikoh,False,Twin Lakes Park Redux 1.2,Twin Lakes Park Redux 1.2,1086767,2023-07-02T13:44:30.000Z
6,7a78a164304cb0b510669e40bdb467ee,Raikoh,True,Rosetta1.4,Rosetta 1.4,1379567,2023-07-02T13:15:38.000Z
7,b272a16408ba4df09d3c6494310516ef,Raikoh,False,NuclearWinterR,Nuclear Winter Bar 1.4,841400,2023-07-02T12:50:58.000Z
8,faa2a0641089ea5ce5d080a025139269,Raikoh,True,dsdr_4.1,DSDR 4.1,2521067,2023-07-01T22:04:42.000Z
9,339da064d483a6ce6466bb780c22ef0e,Raikoh,False,koom_valley_3_3.1,Koom Valley 3 3.1,1034700,2023-07-01T21:40:03.000Z
10,e496a064c16a7bba1973cd43cfd7ebc4,Raikoh,False,forge_v1.4,Forge v1.4,1049600,2023-07-01T21:13:08.000Z
11,1827a0644b5b91ecc40a4a32e2ed4efe,Raikoh,True,koom_valley_3_3.1,Koom Valley 3 3.1,697767,2023-07-01T13:16:08.000Z
12,7719a064a8b9b3cc73fc0570a5e05071,Raikoh,True,forge_v1.4,Forge v1.4,2797867,2023-07-01T12:17:59.000Z
13,4813a064cfa9d03d99db8a092b76d8a3,Raikoh,False,bismuth_valley_v2.2,Bismuth Valley v2.2,1299867,2023-07-01T11:51:36.000Z
14,1d789f649df62c4fe69a1d8c2c79c4e1,Raikoh,True,dsdr_4.1,DSDR 4.1,1187967,2023-07-01T00:49:33.000Z
15,cc629f64e8099a879aab9f9da0353a97,Raikoh,True,bismuth_valley_v2.2,Bismuth Valley v2.2,779933,2023-06-30T23:18:36.000Z
16,6a5a9f643e2b0940c0fb5a7fd14bb36a,Raikoh,False,Rosetta1.4,Rosetta 1.4,1493533,2023-06-30T22:42:50.000Z
17,aa549f64336ce0037d868dfe1d95db8a,Raikoh,False,ascendancy_v2.0,Ascendancy v2.0,945567,2023-06-30T22:18:18.000Z
18,ca4f9f64f66c50311f66c19b54c2a910,Raikoh,False,flats_and_forests_v2.1,Flats and Forests v2.1,775800,2023-06-30T21:57:30.000Z
19,7e359f647181efe89277d3356e4e1bc2,Raikoh,True,dsdr_4.1,DSDR 4.1,1249700,2023-06-30T20:05:18.000Z
20,fe2e9f6460b570398e68af32d44ab85c,Raikoh,False,koom_valley_3_3.1,Koom Valley 3 3.1,909533,2023-06-30T19:37:34.000Z
21,a7269f64efef226b5e54a0838313112d,Raikoh,False,eight_horses_1.2,Eight Horses 1.2,1740667,2023-06-30T19:01:59.000Z
22,49e29e64f77aa4e8e5faf054124d74d2,Raikoh,True,ice_scream_v2.5,Ice Scream v2.5,3308000,2023-06-30T14:10:17.000Z
23,4faf9e64c38dce5ec609179f3a7bf7d0,Raikoh,True,koom_valley_3_3.1,Koom Valley 3 3.1,749600,2023-06-30T10:32:47.000Z
24,39a69e64fb6418cb149ecf9d42e90ffe,Raikoh,False,starwatcher_1.0,Starwatcher 1.0,1883367,2023-06-30T09:54:01.000Z
25,a5ef9d64b2b61f52f59b88ed94a399d4,Raikoh,True,eight_horses_1.2,Eight Horses 1.2,2039733,2023-06-29T20:55:01.000Z
26,8feb9d6424f394d5d64629081dcd19da,Raikoh,False,koom_valley_3_3.1,Koom Valley 3 3.1,690433,2023-06-29T20:37:35.000Z
27,12cf9d64cc86640d9057ad8e0d141b44,Raikoh,True,dsdr_4.1,DSDR 4.1,2193700,2023-06-29T18:36:02.000Z
28,07879d6489ee98868c5e0a3ef1a07067,Raikoh,True,to_kill_the_middle_v1.0,To Kill The Middle v1.0,1053067,2023-06-29T13:28:39.000Z
29,91829d64deb843579b3ff74f814c2669,Raikoh,False,eight_horses_1.2,Eight Horses 1.2,815600,2023-06-29T13:09:37.000Z
30,1d619d648027d00660c46958e6268f54,Raikoh,False,koom_valley_3_3.1,Koom Valley 3 3.1,2436967,2023-06-29T10:46:53.000Z
31,38b59c64b55e8afddcf64ffc6c2c4a34,Raikoh,False,koom_valley_3_3.1,Koom Valley 3 3.1,1864667,2023-06-28T22:33:28.000Z
32,beac9c645cdbf87fb29033a8a2373e20,Raikoh,True,dsdr_4.1,DSDR 4.1,1544767,2023-06-28T21:57:18.000Z
33,20979c6491b8cb14da7bd20fb1de9be3,Raikoh,True,all_that_glitters_v2.1,All That Glitters v2.1,2402900,2023-06-28T20:25:04.000Z
34,de919c644559a0a7affa45ac933fa46f,Raikoh,False,flats_and_forests_v2.1,Flats and Forests v2.1,950600,2023-06-28T20:02:38.000Z
35,d4889c64aa30351efc9b71b704d76cef,Raikoh,False,dsdr_4.1,DSDR 4.1,1907500,2023-06-28T19:24:04.000Z
36,234c9c6481afe58d624e6f6157fe0bc7,Raikoh,True,dsdr_4.1,DSDR 4.1,906633,2023-06-28T15:05:07.000Z
37,7d389c645b707c258c1f8fd93bd19d6b,Raikoh,False,to_kill_the_middle_v1.0,To Kill The Middle v1.0,4285267,2023-06-28T13:41:17.000Z
38,c82d9c6453a186e1a35f66164fb6c9fa,Raikoh,False,starwatcher_1.0,Starwatcher 1.0,2274600,2023-06-28T12:55:36.000Z
39,160d9c6439badce4faa09051de833151,Raikoh,False,eight_horses_1.2,Eight Horses 1.2,2658967,2023-06-28T10:36:06.000Z
40,fe059c640d60fcae4ed9203ed24ab70b,Raikoh,True,dsdr_4.1,DSDR 4.1,1082833,2023-06-28T10:05:50.000Z
41,14519b645518ea3e7ccfa5b16a52a9c2,Raikoh,False,white_fire_remake_1.2,White Fire Remake 1.2,2563967,2023-06-27T21:13:56.000Z
42,cd499b64443f690559207ff07e836800,Raikoh,False,koom_valley_3_3.1,Koom Valley 3 3.1,1355700,2023-06-27T20:42:53.000Z
43,f8089b64bcd24c60232ec5624efcc85d,Raikoh,True,dsdr_4.1,DSDR 4.1,1971633,2023-06-27T16:06:16.000Z
44,60d19a640dfce51d0c86c499833fca92,Raikoh,False,dsdr_4.1,DSDR 4.1,2722600,2023-06-27T12:09:04.000Z
45,46c09a64b25e64ea58f6972685f4ac54,Raikoh,False,bismuth_valley_v2.2,Bismuth Valley v2.2,1071100,2023-06-27T10:56:06.000Z
46,53b89a64dd4aa124b23ec1a7c6040392,Raikoh,False,Rosetta1.4,Rosetta 1.4,1527300,2023-06-27T10:22:11.000Z
47,0e179a64789d82913f83f7b3478635a1,Raikoh,True,eight_horses_1.2,Eight Horses 1.2,1595733,2023-06-26T22:54:06.000Z
48,98129a64fef0ed1a2a9c11e5105e16e1,Raikoh,False,dsdr_4.1,DSDR 4.1,734767,2023-06-26T22:35:04.000Z
49,680a9a6455847100b108b4407c3ab926,Raikoh,False,darkside_v3.0,Darkside v3.0,1664200,2023-06-26T22:00:08.000Z
50,d3ad996439a1d0d924ac445a23a89496,Raikoh,True,forge_v1.4,Forge v1.4,1252667,2023-06-26T15:25:07.000Z
51,48a49964afb4b618e429754c0533fcd7,Raikoh,False,flats_and_forests_v2.1,Flats and Forests v2.1,1784300,2023-06-26T14:44:24.000Z
52,de9299649e86e89db452a477fc94a529,Raikoh,True,dsdr_4.1,DSDR 4.1,2247667,2023-06-26T13:30:06.000Z
53,db759964d6c470ab3a6077fe6ecef686,Raikoh,True,koom_valley_3_3.1,Koom Valley 3 3.1,1304867,2023-06-26T11:26:19.000Z
54,fc6f996414079c617758f55703197425,Raikoh,True,bismuth_valley_v2.2,Bismuth Valley v2.2,986100,2023-06-26T11:01:16.000Z
55,1861996402cf03965f1d8b661c5b7e89,Raikoh,False,dsdr_4.1,DSDR 4.1,3172800,2023-06-26T09:57:44.000Z
56,6ace98647d58c324c6b48cc6c493c35e,Raikoh,False,starwatcher_1.0,Starwatcher 1.0,1515200,2023-06-25T23:31:54.000Z
57,8cc198649582d10095bf4ddfc2ffdf59,Raikoh,True,dsdr_4.1,DSDR 4.1,638567,2023-06-25T22:37:00.000Z
58,5cb39864a980466b809be7b8c0bf8fcc,Raikoh,True,flats_and_forests_v2.1,Flats and Forests v2.1,1895200,2023-06-25T21:36:28.000Z
59,14ae98647dcc7490a7f13b1ad6a5cacf,Raikoh,False,eight_horses_1.2,Eight Horses 1.2,778867,2023-06-25T21:13:56.000Z
60,bda298641f4e213cc43d72747ef47387,Raikoh,False,koom_valley_3_3.1,Koom Valley 3 3.1,1971667,2023-06-25T20:25:33.000Z
61,4f729864646574bf1bd89b37c01476d5,Raikoh,False,koom_valley_3_3.1,Koom Valley 3 3.1,1807433,2023-06-25T16:58:55.000Z
62,b0f797641202a63648dd98c5f3aa3ac7,Raikoh,True,Rosetta1.4,Rosetta 1.4,885600,2023-06-25T08:15:44.000Z
63,64f297646b79ee113627b99737e0ae7e,Raikoh,True,bismuth_valley_v2.2,Bismuth Valley v2.2,965433,2023-06-25T07:53:08.000Z
64,bde79764357f61b22d6eaacfd569fe71,Raikoh,False,ascendancy_v2.0,Ascendancy v2.0,2272633,2023-06-25T07:07:41.000Z
65,a7e39764f514df395a91518a8da47e36,Raikoh,True,eight_horses_1.2,Eight Horses 1.2,709600,2023-06-25T06:50:15.000Z
66,b27397640397b93082883b93929a76f5,Raikoh,True,bismuth_valley_v2.2,Bismuth Valley v2.2,1434867,2023-06-24T22:52:34.000Z
67,3f0197648d2f1d59a4109dc08c21cecc,Raikoh,True,forge_v1.4,Forge v1.4,1042833,2023-06-24T14:44:15.000Z
68,1ab196641a248ae887cf535492e43347,Raikoh,True,forge_v1.4,Forge v1.4,1710233,2023-06-24T09:02:18.000Z
69,e8aa9664c6d46ebd647bae1a97f818e4,Raikoh,True,darkside_v3.0,Darkside v3.0,1081767,2023-06-24T08:35:52.000Z
70,d6139664215b17f0637db03417050de4,Raikoh,False,Mediterraneum_V1,Mediterraneum_V1,3653633,2023-06-23T21:51:18.000Z
71,65699564f1c1b738d5f57805a20de573,Raikoh,False,NuclearWinterR,Nuclear Winter Bar 1.4,1018867,2023-06-23T09:44:05.000Z
72,3cc294645a9f08bfb75dce3697761e38,Raikoh,True,forge_v1.4,Forge v1.4,583200,2023-06-22T21:50:52.000Z
73,dbb79464c61147f162c8776507a70017,Raikoh,True,starwatcher_1.0,Starwatcher 1.0,2228733,2023-06-22T21:06:35.000Z
74,fb83946442f602ffef5ee27dfd95d069,Raikoh,False,dsdr_4.1,DSDR 4.1,1557567,2023-06-22T17:25:15.000Z
75,aa6e9464b9241f0bbc11916ba1c95c48,Raikoh,False,bismuth_valley_v2.2,Bismuth Valley v2.2,1039433,2023-06-22T15:54:18.000Z
76,266094640e04f6627160c50843fd8397,Raikoh,True,eight_horses_1.2,Eight Horses 1.2,1153433,2023-06-22T14:52:22.000Z
77,f75c946425cf7ccb42b80e509ce8e517,Raikoh,True,NuclearWinterR,Nuclear Winter Bar 1.4,460233,2023-06-22T14:38:47.000Z
78,db1f94645e8b846a6b8c5654003d2ede,Raikoh,True,bismuth_valley_v2.2,Bismuth Valley v2.2,734433,2023-06-22T10:18:03.000Z
79,de689364bff4a7bfc8d0bd77044b3368,Raikoh,True,ice_scream_v2.5,Ice Scream v2.5,1033267,2023-06-21T21:17:18.000Z
80,2644936469b7aea63db57ab123372c0d,Raikoh,False,koom_valley_3_3.1,Koom Valley 3 3.1,3152333,2023-06-21T18:40:38.000Z
81,6bf29264b77dc7d2a95fff6896e70c1e,Raikoh,False,starwatcher_1.0,Starwatcher 1.0,2842733,2023-06-21T12:51:55.000Z
82,96ee92641344b9e8ce223b2216d60fcb,Raikoh,False,thermal_shock_v1.1,Thermal Shock v1.1,623500,2023-06-21T12:35:34.000Z
83,dce89264c49ed53752b671fef875acd7,Raikoh,True,forge_v1.4,Forge v1.4,1144433,2023-06-21T12:11:08.000Z
84,c1c39264ef48610e38ddcd48c160eec7,Raikoh,True,ascendancy_v2.0,Ascendancy v2.0,1798500,2023-06-21T09:32:49.000Z
85,4fba926440398fe009cfc2e82351747e,Raikoh,True,ice_scream_v2.5,Ice Scream v2.5,1762467,2023-06-21T08:52:31.000Z
86,7535926479d4158f5f87aacc50f797a6,Raikoh,False,supreme_strait_v1.4,Supreme Strait v1.4,1741633,2023-06-20T23:25:41.000Z
87,8e0692642a0d40d51be16620947e0fbb,Raikoh,True,Rosetta1.4,Rosetta 1.4,1835467,2023-06-20T20:05:34.000Z
88,c8b59164a1251164d2e7897b6241ba64,Raikoh,True,flats_and_forests_v2.1,Flats and Forests v2.1,1347100,2023-06-20T14:20:56.000Z
89,47bf9064cd421f6cc4b8e92fdbd2868f,Raikoh,False,Rosetta1.4,Rosetta 1.4,2538600,2023-06-19T20:49:11.000Z
90,bdaa906421dd58bbc6f2a08cbf32865e,Raikoh,False,dsdr_4.1,DSDR 4.1,1383067,2023-06-19T19:21:33.000Z
91,eda590644c7a09cc89e219f86a076f5a,Raikoh,False,eight_horses_1.2,Eight Horses 1.2,858633,2023-06-19T19:01:01.000Z
92,aba19064ab24992f7c641e0a7c9415d2,Raikoh,False,sulphur_springs_v1.1,Sulphur Springs v1.1,680067,2023-06-19T18:42:51.000Z
93,a04f9064411e7a9064434a1a1b1c700e,Raikoh,True,dsdr_4.1,DSDR 4.1,2279333,2023-06-19T12:52:48.000Z
94,c02d9064f149e8b381479dec9012fa16,Raikoh,True,bismuth_valley_v2.2,Bismuth Valley v2.2,1567900,2023-06-19T10:28:16.000Z
95,bd7b8f64af3f576266962b21fce27e9a,Raikoh,True,koom_valley_3_3.1,Koom Valley 3 3.1,2299833,2023-06-18T21:48:45.000Z
96,825f8f64731d46b8c12658de36f030ab,Raikoh,True,eight_horses_1.2,Eight Horses 1.2,1637467,2023-06-18T19:48:18.000Z
97,b4528f64f417b5707655b9219dd2e2be,Raikoh,True,dsdr_4.1,DSDR 4.1,840700,2023-06-18T18:53:40.000Z
98,ea428f64c5cf98eac39054b3e78379cc,Raikoh,True,flats_and_forests_v2.1,Flats and Forests v2.1,3022667,2023-06-18T17:46:18.000Z
99,ee3a8f64d58213fc6d4af8e988072a17,Raikoh,True,ascendancy_v2.0,Ascendancy v2.0,1334900,2023-06-18T17:12:14.000Z
100,6f1b8f6404ed9a7a5399d027ec1f571d,Raikoh,False,dsdr_4.1,DSDR 4.1,1931000,2023-06-18T14:57:51.000Z
101,9b148f64fc53144548b6c8edc9b16132,Raikoh,False,Rosetta1.4,Rosetta 1.4,1077333,2023-06-18T14:28:43.000Z
102,280b8f64bc8db870eb9d22693a061919,Raikoh,False,starwatcher_1.0,Starwatcher 1.0,2037733,2023-06-18T13:48:24.000Z
103,dff18e6428573d485cbc974bfbf7debf,Raikoh,False,ascendancy_v2.0,Ascendancy v2.0,485667,2023-06-18T12:00:31.000Z
104,9bea8e64861a5366c6d42f7b61bf4354,Raikoh,False,dsdr_4.1,DSDR 4.1,1143500,2023-06-18T11:29:31.000Z
105,99da8e64a8d5e4706a7f41d3d0a71369,Raikoh,False,bismuth_valley_v2.2,Bismuth Valley v2.2,1413867,2023-06-18T10:21:13.000Z
106,4d3e8e6415045ccc45c4da8866188281,Raikoh,False,eight_horses_1.2,Eight Horses 1.2,1370267,2023-06-17T23:14:21.000Z
107,5c388e64c08ac54be11572e2e005c954,Raikoh,False,bismuth_valley_v2.2,Bismuth Valley v2.2,1121933,2023-06-17T22:49:00.000Z
108,1f318e64e86df01d0a5bea58b38a3125,Raikoh,True,NuclearWinterR,Nuclear Winter Bar 1.4,1397033,2023-06-17T22:18:07.000Z
109,65178e64c084788329946670b2c77ae1,Raikoh,False,starwatcher_1.0,Starwatcher 1.0,2662200,2023-06-17T20:28:21.000Z
110,350e8e648e2effa4fc6d25259412a062,Raikoh,False,dsdr_4.1,DSDR 4.1,1531967,2023-06-17T19:49:09.000Z
111,9bd38d64c2f2dac85fe9f0a8abbdbd9c,Raikoh,False,throne_v8,Throne_V8,2848567,2023-06-17T15:39:07.000Z
112,bcc78d643af7b989a1b1b2acffb5c2c3,Raikoh,False,dworld_v4,DWorld_V4,2696800,2023-06-17T14:48:28.000Z
113,e0be8d643aba28b2c6525df8d912f9fb,Raikoh,True,starwatcher_1.0,Starwatcher 1.0,1328667,2023-06-17T14:10:40.000Z
114,c28f8d647799c71e9a6c3e3a87705afa,Raikoh,True,all_that_glitters_v2.1,All That Glitters v2.1,2039933,2023-06-17T10:49:38.000Z
115,07888d64c284e349534e538121880256,Raikoh,True,bismuth_valley_v2.2,Bismuth Valley v2.2,1593467,2023-06-17T10:16:39.000Z
116,58cd8c649f07e4555e88a5a7a1720c1d,Raikoh,True,forge_v1.4,Forge v1.4,1991900,2023-06-16T21:00:08.000Z
117,5cbf8c64387b373b68735ba1f37c583d,Raikoh,False,dsdr_4.1,DSDR 4.1,1528333,2023-06-16T20:00:28.000Z
118,36488c641bc86b9e292d92392ced7d10,Raikoh,True,eight_horses_1.2,Eight Horses 1.2,1526367,2023-06-16T11:32:06.000Z
119,e1938b64685dbae177d2b2448c7293fa,Raikoh,False,Riverrun_V1,Riverrun_V1,1235700,2023-06-15T22:42:41.000Z
120,010a8b64b156138eccc86465d193dddd,Raikoh,True,koom_valley_3_3.1,Koom Valley 3 3.1,1165933,2023-06-15T12:54:25.000Z
121,cdf08a645878c4d59626955674341be5,Raikoh,False,Rosetta1.4,Rosetta 1.4,1911667,2023-06-15T11:06:53.000Z
122,8f438a644f17f3970698e4ed55a41daf,Raikoh,False,ascendancy_v1.1,Ascendancy v1.1,2211967,2023-06-14T22:47:43.000Z
123,00388a64770ec289b2e261b1e9d1cfb6,Raikoh,False,starwatcher_1.0,Starwatcher 1.0,2096833,2023-06-14T21:58:24.000Z
124,4f158a64888ff00dd8d7d02890b7d75d,Raikoh,True,eight_horses_1.2,Eight Horses 1.2,1552633,2023-06-14T19:30:23.000Z
125,8f0d8a64cb2e60b1ea6283456c5f94a9,Raikoh,False,flats_and_forests_v2.1,Flats and Forests v2.1,1457500,2023-06-14T18:57:19.000Z
126,06ea896409dc1e95b41954762da89d2e,Raikoh,True,koom_valley_3_3.1,Koom Valley 3 3.1,1188900,2023-06-14T16:25:42.000Z
127,87cd89641aeb1f606db5b1c4824a461d,Raikoh,True,carrot_mountains_v1.0,Carrot Mountains v1.0,2007300,2023-06-14T14:24:07.000Z
128,8ca98964f5e165e2d0069ca887d5c109,Raikoh,True,forge_v1.4,Forge v1.4,1097833,2023-06-14T11:50:36.000Z
129,0b93896497ff70f58cf7945d4b7c044f,Raikoh,False,Rosetta1.4,Rosetta 1.4,1192867,2023-06-14T10:14:35.000Z
130,64878964431be2d1040d644ca853ffca,Raikoh,True,forge_v1.4,Forge v1.4,2114700,2023-06-14T09:24:52.000Z
131,987d896493aa957217d63ee0e69e2f63,Raikoh,True,flats_and_forests_v2.1,Flats and Forests v2.1,1760267,2023-06-14T08:43:04.000Z
132,60fd8864d53563795bb3294a6089ec42,Raikoh,False,bismuth_valley_v2.2,Bismuth Valley v2.2,1520000,2023-06-13T23:36:00.000Z
133,75f48864114a4087a60487783e93fc6e,Raikoh,False,ascendancy_v1.1,Ascendancy v1.1,1762533,2023-06-13T22:57:57.000Z
134,48ee8864a2f243e38059961348dc24cd,Raikoh,True,eight_horses_1.2,Eight Horses 1.2,1088467,2023-06-13T22:31:36.000Z
135,f8d088640aafafa7ebc914af2b3e2782,Raikoh,False,koom_valley_3_3.1,Koom Valley 3 3.1,2656067,2023-06-13T20:26:32.000Z
136,c7808764acfd1ecd777f0cd9e1d09bd7,Raikoh,True,hades_ponds_0.7,Hades Ponds 0.7,930333,2023-06-12T20:32:07.000Z
137,8d7b8764af9fb681d6ff47d2202bf311,Raikoh,True,forge_v1.4,Forge v1.4,972000,2023-06-12T20:09:49.000Z
138,686c87649eb1d9949645dab08f3ddc89,Raikoh,True,ascendancy_v1.1,Ascendancy v1.1,2051867,2023-06-12T19:05:12.000Z
139,2b3487646b8477925dfb8622b5e5da69,Raikoh,True,dsdr_4.1,DSDR 4.1,1616700,2023-06-12T15:05:15.000Z
140,da2c87648a8738198bdb69c39a096a4a,Raikoh,True,flats_and_forests_v2.1,Flats and Forests v2.1,1362633,2023-06-12T14:34:02.000Z
141,2d2187640927bb689b5776a0c90da051,Raikoh,False,hades_ponds_0.7,Hades Ponds 0.7,886233,2023-06-12T13:44:13.000Z
142,051b8764cf5155e05c9f3e38632c8e16,Raikoh,True,bismuth_valley_v2.2,Bismuth Valley v2.2,1164900,2023-06-12T13:17:57.000Z
143,44128764992955eadb78f3ff241893c0,Raikoh,False,eight_horses_1.2,Eight Horses 1.2,1595700,2023-06-12T12:40:36.000Z
144,b34d866487b140e89f94ed8c0295ef59,Raikoh,True,darkside_v3.0,Darkside v3.0,1152500,2023-06-11T22:41:55.000Z
145,db2b866421ef612a255def648f353b8d,Raikoh,False,dsdr_4.1,DSDR 4.1,1836733,2023-06-11T20:17:31.000Z
146,91258664f0132c8beacd5ac5b2429b69,Raikoh,True,Tempest_V3,Tempest_V3,750800,2023-06-11T19:50:41.000Z
147,5a1b86648c89e3814f53c89b09a6e265,Raikoh,False,altored_divide_bar_remake_1.6,Altored Divide Bar Remake 1.6,2135567,2023-06-11T19:07:06.000Z
148,30ba8564ee8ac9e75317d27043c9e231,Raikoh,False,bismuth_valley_v2.2,Bismuth Valley v2.2,2084733,2023-06-11T12:12:32.000Z
149,111285644367128bbb1fcb9d57a9df15,Raikoh,True,dsdr_4.1,DSDR 4.1,2054233,2023-06-11T00:15:13.000Z
150,34fa8464210e431e2df4129b822fc944,Raikoh,True,bismuth_valley_v2.2,Bismuth Valley v2.2,1149333,2023-06-10T22:33:24.000Z
151,6ff08464d8dc1364c89f0efdd43a92c0,Raikoh,False,bismuth_valley_v2.2,Bismuth Valley v2.2,1458000,2023-06-10T21:51:43.000Z
152,efd18464cc0a6f3902b13852adb97447,Raikoh,True,bismuth_valley_v2.2,Bismuth Valley v2.2,1133733,2023-06-10T19:41:35.000Z
153,95cb84642f70f6f64ad439fef7bb5489,Raikoh,True,ascendancy_v1.1,Ascendancy v1.1,1126033,2023-06-10T19:14:29.000Z
154,4568846458c8e79f3f3f30e50e3ecd27,Raikoh,True,bismuth_valley_v2.2,Bismuth Valley v2.2,4225833,2023-06-10T12:10:45.000Z
155,21b38364400cf1406f928b642cee7771,Raikoh,False,NuclearWinterR,Nuclear Winter Bar 1.4,1016600,2023-06-09T23:17:53.000Z
156,1da383641097ade63478926150008037,Raikoh,True,dsdr_4.1,DSDR 4.1,1536900,2023-06-09T22:09:33.000Z
157,7e9283642ad3c3529fef45c1aa29f405,Raikoh,True,eight_horses_1.2,Eight Horses 1.2,1654200,2023-06-09T20:58:38.000Z
158,de8a8364288d75d43568afd6f9a33e45,Raikoh,True,carrot_mountains_v1.0,Carrot Mountains v1.0,1555733,2023-06-09T20:26:06.000Z
159,47568364d2aaf7e1f51c36a1d504463a,Raikoh,True,forge_v1.4,Forge v1.4,1697833,2023-06-09T16:41:43.000Z
160,d4518364522105005317bc3d47cf4437,Raikoh,True,thermal_shock_v1.1,Thermal Shock v1.1,826767,2023-06-09T16:22:44.000Z
161,214d83649d641142545b39ef062fbcb5,Raikoh,True,eight_horses_1.2,Eight Horses 1.2,870767,2023-06-09T16:02:41.000Z
162,57468364bfc582591831627b2c4d0fc2,Raikoh,True,koom_valley_3_3.1,Koom Valley 3 3.1,1312967,2023-06-09T15:33:43.000Z
163,51fb826484efa5b77c0b2d1e781c6cb9,Raikoh,True,koom_valley_3_3.1,Koom Valley 3 3.1,2048900,2023-06-09T10:13:37.000Z
164,ed578264ef391a8f35141f3db12844d6,Raikoh,False,ascendancy_v1.0,Ascendancy v1.0,1674000,2023-06-08T22:36:29.000Z
165,e75182642ae9def25faf6c2d6ee76b50,Raikoh,True,eight_horses_1.2,Eight Horses 1.2,919767,2023-06-08T22:10:47.000Z
166,cc4482643a832aa8560eec8608bf9b58,Raikoh,False,koom_valley_3_3.1,Koom Valley 3 3.1,2764267,2023-06-08T21:14:52.000Z
167,49358264a49ae761d92d68b15beef1ec,Raikoh,False,NuclearWinterR,Nuclear Winter Bar 1.4,3121633,2023-06-08T20:08:41.000Z
168,952e82649ee40d46cf7a4e946163e7d9,Raikoh,False,bismuth_valley_v2.2,Bismuth Valley v2.2,1209567,2023-06-08T19:40:05.000Z
169,ce288264e4bab19a3992812b0af60707,Raikoh,False,flats_and_forests_v2.1,Flats and Forests v2.1,1093067,2023-06-08T19:15:26.000Z
170,1f0581647a8f9042a760b4d0b5596a9f,Raikoh,False,bismuth_valley_v2.2,Bismuth Valley v2.2,2809967,2023-06-07T22:30:55.000Z
171,08f78064447205b00d533d8029a35df1,Raikoh,True,flats_and_forests_v2.1,Flats and Forests v2.1,1092633,2023-06-07T21:30:48.000Z
172,00eb8064f4c2feebd9209d5935c29de2,Raikoh,False,serene_caldera_v1.3,Serene Caldera v1.3,2131833,2023-06-07T20:39:28.000Z
173,14dd8064cdbf2ef9c3d6457f64bcc72b,Raikoh,False,factions_and_factious_0.9,Factions and Factious 0.9,3188600,2023-06-07T19:40:04.000Z
174,7b918064ecb71a68972eee5aceec71c7,Raikoh,False,dworld_v4,DWorld_V4,4439500,2023-06-07T14:17:31.000Z
175,c98080648ef284702c31ef9a7e00cd10,Raikoh,False,dworld_v4,DWorld_V4,3774800,2023-06-07T13:06:17.000Z
176,00708064ef659a0aab671115c6a76561,Raikoh,False,throne_v8,Throne_V8,3886533,2023-06-07T11:54:39.000Z
177,de658064907d69ddd1bc9bd97a86a676,Raikoh,False,Tempest_V3,Tempest_V3,1685833,2023-06-07T11:11:26.000Z
178,b8927f6459fd3b5d871efe68249b0c0b,Raikoh,False,krakatoa_v2.0,Krakatoa_V2.0,5852667,2023-06-06T20:10:32.000Z
179,09847f6456cf65ef1624c35fccacf628,Raikoh,True,throne_v8,Throne_V8,3306433,2023-06-06T19:07:53.000Z
180,c8757f64a6e27c5055fc176b71086327,Raikoh,False,Crescent_Bay_V2,Crescent_Bay_V2,3165000,2023-06-06T18:07:04.000Z
181,b9217f646e730965fbcbec24617d327a,Raikoh,True,flats_and_forests_v2.1,Flats and Forests v2.1,1733833,2023-06-06T12:08:25.000Z
182,2d167f6499ffaa06240287aa1018175b,Raikoh,True,dsdr_4.1,DSDR 4.1,2393833,2023-06-06T11:19:09.000Z
183,5c4e7e64f005dffa4b609af90f7252e3,Raikoh,True,eight_horses_1.2,Eight Horses 1.2,1284633,2023-06-05T21:06:36.000Z
184,59467e64b80cfc73d9b14058f5d2768f,Raikoh,True,koom_valley_3_3.1,Koom Valley 3 3.1,1272067,2023-06-05T20:32:25.000Z
185,c13b7e64cdeb1a9a2a4348fa234f9172,Raikoh,False,all_that_glitters_v2.1,All That Glitters v2.1,2326933,2023-06-05T19:47:13.000Z
186,5c367e648458f42ecf4309908770480c,Raikoh,True,starwatcher_1.0,Starwatcher 1.0,858733,2023-06-05T19:24:12.000Z
187,c6ee7d64541d9342371576e761f2f98a,Raikoh,True,supreme_strait_v1.4,Supreme Strait v1.4,1402333,2023-06-05T14:18:46.000Z
188,cee77d647a13acedf93b91a7ac130403,Raikoh,True,all_that_glitters_v2.1,All That Glitters v2.1,1128800,2023-06-05T13:49:02.000Z
189,671e7d642b38e7d56b9e3861e8dad222,Raikoh,False,forge_v1.4,Forge v1.4,2121433,2023-06-04T23:29:43.000Z
190,3ef07c641e894ff91466b0ddca3951de,Raikoh,False,Crescent_Bay_V2,Crescent_Bay_V2,3709833,2023-06-04T20:12:46.000Z
191,72e37c644dc5713f3dcf5b8e12a18867,Raikoh,True,deeploria_fields_v1.5,Deeploria Fields v1.5,2474600,2023-06-04T19:18:10.000Z
192,4bb77c6456657bcd2b5ae81f2206950d,Raikoh,True,serene_caldera_v1.3,Serene Caldera v1.3,2741067,2023-06-04T16:09:47.000Z
193,24a07c64cb05c1f986fb468e5232dcb8,Raikoh,False,dworld_v4,DWorld_V4,1976133,2023-06-04T14:31:00.000Z
194,5d827c64de94a75d08fa6aa43a479acd,Raikoh,True,dsdr_4.1,DSDR 4.1,1337933,2023-06-04T12:23:57.000Z
195,b27b7c64cbbf644617d2a4a2ef99c4f4,Raikoh,True,NuclearWinterR,Nuclear Winter Bar 1.4,929567,2023-06-04T11:55:30.000Z
196,e3ab7b64eb9630fbde66a805a152ec90,Raikoh,True,forge_v1.4,Forge v1.4,1659967,2023-06-03T21:08:51.000Z
197,a5a37b645bc699231367cfb9b9b0dd69,Raikoh,True,eight_horses_1.2,Eight Horses 1.2,1544867,2023-06-03T20:33:41.000Z
198,1e9d7b64988d4932a81da315add654e7,Raikoh,False,red_river_remake_v1.2,Red River Remake v1.2,1178567,2023-06-03T20:05:50.000Z
199,2b937b646d6657ef056a1fdba03097d8,Raikoh,False,coastlines_dry_v2.2,Coastlines_Dry_V2.2,1838600,2023-06-03T19:23:23.000Z
200,f5307b64d62500ec08f8d3ed18ab07ba,Raikoh,False,Rosetta1.4,Rosetta 1.4,1605833,2023-06-03T12:24:21.000Z
201,fe2a7b6461a75c35f2827ab7d2070011,Raikoh,True,Rosetta1.4,Rosetta 1.4,1106800,2023-06-03T11:58:54.000Z
202,73257b6437f4c4599e71ba105e3149d0,Raikoh,True,NuclearWinterR,Nuclear Winter Bar 1.4,1021967,2023-06-03T11:35:15.000Z
203,180f7b64ea5e6484c25e6f2b4b2699d9,Raikoh,True,dsdr_4.1,DSDR 4.1,1604833,2023-06-03T09:59:52.000Z
204,04097b64c421fc0d068e03cc6fc4f24b,Raikoh,True,supreme_strait_v1.4,Supreme Strait v1.4,1108467,2023-06-03T09:33:56.000Z
205,59fd7a6439715b8171079290707e01cf,Raikoh,False,bismuth_valley_v2.2,Bismuth Valley v2.2,1937533,2023-06-03T08:44:09.000Z
206,5ef67a649a5236fccaafd6da67c9c2be,Raikoh,False,starwatcher_1.0,Starwatcher 1.0,1451833,2023-06-03T08:14:22.000Z
207,f7817a641c01f6b4c0dad4ad64c3d73e,Raikoh,True,bismuth_valley_v2.2,Bismuth Valley v2.2,1046733,2023-06-02T23:57:43.000Z
208,a07b7a64ad32652db18a65ffed8f5b4b,Raikoh,True,eight_horses_1.2,Eight Horses 1.2,1169667,2023-06-02T23:30:40.000Z
209,df6e7a64900c5e167b5185ea7d187aba,Raikoh,False,Rosetta1.4,Rosetta 1.4,2553033,2023-06-02T22:36:15.000Z
210,8a677a646d9e5bd61dbc6670b6dec276,Raikoh,False,koom_valley_3_3.1,Koom Valley 3 3.1,1178533,2023-06-02T22:04:57.000Z
211,20497a6445e95d87b14d559344ec03dc,Raikoh,False,throne_v8,Throne_V8,3279067,2023-06-02T19:55:12.000Z
212,0ed87964793a562dfb4c575220e72cfe,Raikoh,True,dsdr_4.1,DSDR 4.1,994367,2023-06-02T11:52:46.000Z
213,0b367964594d500bd2046b2ee15925fb,Raikoh,True,eight_horses_1.2,Eight Horses 1.2,2169100,2023-06-02T00:21:31.000Z
214,d3307964d4c690bc4c459d496c4851bc,Raikoh,False,dsdr_4.1,DSDR 4.1,858567,2023-06-01T23:59:15.000Z
215,db177964f5361c3a222216acd027f07f,Raikoh,False,forge_v1.4,Forge v1.4,1232567,2023-06-01T22:12:43.000Z
216,d1107964c270761176f3f72d820be020,Raikoh,True,eight_horses_1.2,Eight Horses 1.2,1394833,2023-06-01T21:42:41.000Z
217,830b796463fa0f3a7869e1757723c2ba,Raikoh,False,koom_valley_3_3.1,Koom Valley 3 3.1,830567,2023-06-01T21:20:03.000Z
218,2c0479643bcb16ab5580ee375e74342e,Raikoh,False,dsdr_4.1,DSDR 4.1,1358233,2023-06-01T20:48:44.000Z
219,88ef786474bda699d727ad8418953f15,Raikoh,False,bismuth_valley_v2.2,Bismuth Valley v2.2,4503867,2023-06-01T19:20:40.000Z
220,afe1786487ed8149ff6b5dc183788470,Raikoh,False,Rosetta1.4,Rosetta 1.4,2467667,2023-06-01T18:21:35.000Z
221,916e76643f6d4a95aa5b4a491cd8ca60,Raikoh,True,dsdr_4.1,DSDR 4.1,681733,2023-05-30T21:45:53.000Z
222,40697664987485a01f612a36d5e0c011,Raikoh,True,eight_horses_1.2,Eight Horses 1.2,867533,2023-05-30T21:23:12.000Z
223,fb5a76648b5fd662f15b5146c0a9564d,Raikoh,True,Riverrun_V1,Riverrun_V1,1851667,2023-05-30T20:22:19.000Z
224,17537664920af80995e1e8ee61056cb3,Raikoh,True,forge_v1.4,Forge v1.4,1180733,2023-05-30T19:48:39.000Z
225,f21c7564df057e1d8c77a607744b61e8,Raikoh,False,dsd_8_way_1.1,DSD 8 Way 1.1,1022767,2023-05-29T21:45:22.000Z
226,f30c756487315d474f3680abdaf27c7b,Raikoh,False,Rosetta1.4,Rosetta 1.4,3008367,2023-05-29T20:37:07.000Z
227,80047564794de8611fe22d79f13f2231,Raikoh,True,bismuth_valley_v2.2,Bismuth Valley v2.2,1692667,2023-05-29T20:01:04.000Z
228,26ab7464e5196fe2c0fed3a2d7fb2087,Raikoh,True,bismuth_valley_v2.2,Bismuth Valley v2.2,1946567,2023-05-29T13:39:50.000Z
229,51cd7364112614b501c8cd372f97f00b,Raikoh,True,thermal_shock_v1.1,Thermal Shock v1.1,1410733,2023-05-28T21:53:21.000Z
230,09c573643707efd974a41beab4ec9bad,Raikoh,False,flats_and_forests_v2.1,Flats and Forests v2.1,1551533,2023-05-28T21:18:01.000Z
231,05bc7364128738a975f9ee4def42211c,Raikoh,False,dsdr_4.1,DSDR 4.1,1690833,2023-05-28T20:39:33.000Z
232,e1b0736407360795836d4e9e3cec4881,Raikoh,False,koom_valley_3_3.1,Koom Valley 3 3.1,2269200,2023-05-28T19:52:01.000Z
233,996972646b0b45be0ec4b9043de5edda,Raikoh,False,neurope_remake_4.2,Neurope_Remake 4.2,4463600,2023-05-27T20:35:37.000Z
234,755a7264490977f1b0480ddc162c5fd5,Raikoh,False,knockoutr_1.5,KnockoutR 1.5,2894667,2023-05-27T19:31:01.000Z
235,ca4a7264acd3fb834dd7f646814a4718,Raikoh,False,dworld_v4,DWorld_V4,3628867,2023-05-27T18:24:10.000Z
236,593d7264d844bf5dfa8800c4d364fde7,Raikoh,False,throne_v8,Throne_V8,2818267,2023-05-27T17:26:49.000Z
237,712c72644091cf7977e09cf1462e1b51,Raikoh,False,dworld_v4,DWorld_V4,3599767,2023-05-27T16:14:41.000Z
238,2a21726490a435a3b9e1647ebd10998c,Raikoh,False,dworld_v4,DWorld_V4,2561433,2023-05-27T15:26:34.000Z
239,74f0716475f0a26198acaad388d0f563,Raikoh,True,bismuth_valley_v2.2,Bismuth Valley v2.2,599600,2023-05-27T11:58:44.000Z
240,eb3a71648e9b51e6d7fac28c0f3931a6,Raikoh,False,dworld_v4,DWorld_V4,3398967,2023-05-26T23:04:11.000Z
241,552771647fa6ff4771e385dc442734dc,Raikoh,True,Twin Lakes Park Redux 1.2,Twin Lakes Park Redux 1.2,2528933,2023-05-26T21:40:37.000Z
242,541c7164730cfd35ddb4040f964aa74f,Raikoh,False,dsdr_4.1,DSDR 4.1,2218733,2023-05-26T20:53:40.000Z
243,1a067164708304b26e70ed8f298ed29b,Raikoh,False,dsdr_4.1,DSDR 4.1,1666533,2023-05-26T19:18:50.000Z
244,55ff7064504ad328341678276cd8b8c4,Raikoh,True,hotlips_remake_v3.1,Hotlips Remake v3.1,1337467,2023-05-26T18:49:57.000Z
245,aced7064c297cacf6133d85d6316809e,Raikoh,True,eight_horses_1.2,Eight Horses 1.2,795767,2023-05-26T17:34:36.000Z
246,30e67064a15eca8f2a95c7900d878d77,Raikoh,False,bismuth_valley_v2.2,Bismuth Valley v2.2,1125733,2023-05-26T17:02:40.000Z
247,edfd6f64328992e59febc06f9ee1d7d5,Raikoh,False,neurope_remake_4.2,Neurope_Remake 4.2,2994067,2023-05-26T00:31:41.000Z
248,c5ec6f6497756720b69a4279e2a14a38,Raikoh,False,throne_v8,Throne_V8,3776367,2023-05-25T23:18:29.000Z
249,46996e64d685c8556150d0b02aa1d950,Raikoh,False,hotlips_remake_v3.1,Hotlips Remake v3.1,2305900,2023-05-24T23:09:58.000Z
250,e1766e645a96138628634ecb8b1cd82d,Raikoh,True,dsdr_4.1,DSDR 4.1,2263867,2023-05-24T20:43:13.000Z
251,646d6e64dfa6e9302642b62eb1041005,Raikoh,False,Rosetta1.4,Rosetta 1.4,1723767,2023-05-24T20:02:44.000Z
252,60666e6473fafacf4acdadb9a27e7789,Raikoh,False,pawn_retreat_1.2,Pawn Retreat 1.2,1057267,2023-05-24T19:32:48.000Z
253,b93b6e648fc020ecdb3857f07e9fd253,Raikoh,True,starwatcher_0.9,Starwatcher 0.9,2258433,2023-05-24T16:30:49.000Z
254,96f76d641994ecf1560a387ec8d0ba07,Raikoh,True,carrot_mountains_v1.0,Carrot Mountains v1.0,1735133,2023-05-24T11:40:06.000Z
255,e43d6d649f326f1d11141419caa2ba5a,Raikoh,True,dsdr_4.1,DSDR 4.1,886667,2023-05-23T22:27:48.000Z
256,d62f6d64369bf31a21d8ae6e10b1073c,Raikoh,True,eight_horses_1.2,Eight Horses 1.2,1865167,2023-05-23T21:27:50.000Z
257,43146d6412e6a70d18b6bf210047e5a1,Raikoh,True,dsdr_4.1,DSDR 4.1,2218800,2023-05-23T19:30:11.000Z
258,00ea6c648c688b2b24ff1d5ad17faa22,Raikoh,True,eight_horses_1.2,Eight Horses 1.2,1535167,2023-05-23T16:29:52.000Z
259,9ddd6c64aefe6c312d350a230f2dd1d6,Raikoh,True,all_that_glitters_v2.1,All That Glitters v2.1,2607467,2023-05-23T15:37:01.000Z
260,c5d56c64ff91f69a99d6bc1085efa99b,Raikoh,False,bismuth_valley_v2.2,Bismuth Valley v2.2,1496667,2023-05-23T15:03:33.000Z
261,e1c66c641af07a45d3486f2aad0a42f4,Raikoh,True,carrot_mountains_v1.0,Carrot Mountains v1.0,3229433,2023-05-23T14:00:01.000Z
262,d8136c644ea3dade4870446271c35427,Raikoh,True,dsdr_4.1,DSDR 4.1,1664500,2023-05-23T01:16:08.000Z
263,65ea6b64feda5825f19bc208a477b5ff,Raikoh,False,all_that_glitters_v2.1,All That Glitters v2.1,2078200,2023-05-22T22:19:17.000Z
264,e4ce6b6405c0df458deffec02472bdd1,Raikoh,False,Rosetta1.4,Rosetta 1.4,3107800,2023-05-22T20:21:56.000Z
265,53c56b6415bf818fce25c5aa2b332238,Raikoh,True,silveridge_v1,Silveridge v1,2084767,2023-05-22T19:41:07.000Z
266,6cc16b64349c7ee9f453fe66cd7bf707,Raikoh,False,thermal_shock_v1.1,Thermal Shock v1.1,597133,2023-05-22T19:24:28.000Z
267,d1b26b64f083eb03cdcb1cfbcdae4790,Raikoh,True,NuclearWinterR,Nuclear Winter Bar 1.4,1275800,2023-05-22T18:22:09.000Z
268,1eab6b641a854c68c9438525cc4201be,Raikoh,True,carrot_mountains_v1.0,Carrot Mountains v1.0,1613733,2023-05-22T17:49:18.000Z
269,cc676b6484ca7bd6e68f648e59cafd4c,Raikoh,False,dworld_v4,DWorld_V4,2707567,2023-05-22T13:02:04.000Z
270,cc5c6b6411183f89fca57796a5547e1f,Raikoh,False,throne_v8,Throne_V8,2062000,2023-05-22T12:15:08.000Z
271,39986a6493447df37af40d382ed56884,Raikoh,True,bismuth_valley_v2.2,Bismuth Valley v2.2,1673333,2023-05-21T22:16:25.000Z
272,18776a6470e92894b886aa893f137b68,Raikoh,True,ice_scream_v2.5,Ice Scream v2.5,2025800,2023-05-21T19:55:04.000Z
273,91656a6448cd9b07ee10bc374815cd35,Raikoh,False,flats_and_forests_v2.1,Flats and Forests v2.1,2348267,2023-05-21T18:40:17.000Z
274,d25169640ed847d03301b22198c50a4b,Raikoh,True,carrot_mountains_v1.0,Carrot Mountains v1.0,2349533,2023-05-20T23:03:46.000Z
275,803669647b2e4679766096bcff4ce22f,Raikoh,False,bismuth_valley_v2.2,Bismuth Valley v2.2,2281067,2023-05-20T21:07:12.000Z
276,a22f69643c8601a7239d036d2514a4c2,Raikoh,False,koom_valley_3_3.1,Koom Valley 3 3.1,1130933,2023-05-20T20:37:54.000Z
277,682869648fc47735336e1478eece482f,Raikoh,False,starwatcher_0.7,Starwatcher 0.7,1419633,2023-05-20T20:07:04.000Z
278,58e96864cff3ce601f278079e47248a3,Raikoh,True,flats_and_forests_v2.1,Flats and Forests v2.1,2058200,2023-05-20T15:38:00.000Z
279,7be06864b529d6bbe5f010daddc3ff4e,Raikoh,False,dsdr_4.1,DSDR 4.1,1135967,2023-05-20T15:00:11.000Z
280,5c066864bfa7c7141494d2fd1c02f96c,Raikoh,True,Rosetta1.4,Rosetta 1.4,1044767,2023-05-19T23:29:32.000Z
281,85ff6764cfde276318d492415381d013,Raikoh,True,eight_horses_1.2,Eight Horses 1.2,1301400,2023-05-19T23:00:21.000Z
282,1ff3676485b2ce71bf5476b3ca037ebf,Raikoh,False,all_that_glitters_v2.1,All That Glitters v2.1,2438733,2023-05-19T22:07:27.000Z
283,81ec6764229cce3b5628a11e2953a0f2,Raikoh,False,Rosetta1.4,Rosetta 1.4,1135200,2023-05-19T21:39:13.000Z
284,e1e66764db26ed690a6346e77e54cc0c,Raikoh,True,forge_v1.4,Forge v1.4,973800,2023-05-19T21:15:13.000Z
285,cbd7676422b6dd2c3cb2b24a47f6535a,Raikoh,False,dsdr_4.1,DSDR 4.1,3193267,2023-05-19T20:10:51.000Z
286,9bcb67640117439deb626ac07c67f134,Raikoh,False,koom_valley_3_3.1,Koom Valley 3 3.1,2273633,2023-05-19T19:18:51.000Z
287,9da66664390bb82f717cd14cd40bc403,Raikoh,True,Riverrun_V1,Riverrun_V1,999933,2023-05-18T22:28:45.000Z
288,568566649f927a913eef03bcbf22798a,Raikoh,False,eight_horses_1.2,Eight Horses 1.2,1199767,2023-05-18T20:06:46.000Z
289,c17e666439a51482133ffea155eb14b8,Raikoh,True,forge_v1.4,Forge v1.4,806700,2023-05-18T19:38:41.000Z
290,0678666498694248a95a58b5e8513ce8,Raikoh,False,bismuth_valley_v2.2,Bismuth Valley v2.2,1393000,2023-05-18T19:09:58.000Z
291,ab736664b01617d9975885ea2ba6e64a,Raikoh,False,dsdr_4.1,DSDR 4.1,703400,2023-05-18T18:51:23.000Z
292,6362666410c5f135d4e0000bf83dc29f,Raikoh,True,Rosetta1.4,Rosetta 1.4,1764733,2023-05-18T17:37:39.000Z
293,5e5b66643a62cd2673ed63488e03afab,Raikoh,False,dsdr_4.1,DSDR 4.1,1261967,2023-05-18T17:07:42.000Z
294,a252656448d2d0dd9ad62bfc6bda604a,Raikoh,False,all_that_glitters_v2.1,All That Glitters v2.1,1470467,2023-05-17T22:18:10.000Z
295,25436564bdf7bac45c9c5617bfec0786,Raikoh,True,hotlips_remake_v3.1,Hotlips Remake v3.1,750400,2023-05-17T21:12:05.000Z
296,ca2865646a8e51d406f1d5fb4506c806,Raikoh,True,bismuth_valley_v2.2,Bismuth Valley v2.2,1249100,2023-05-17T19:19:38.000Z
297,791e65648d56675a0b238b88e1a491f9,Raikoh,True,dsdr_4.1,DSDR 4.1,2136467,2023-05-17T18:35:37.000Z
298,34fa6364a7f8159e8599c0b596a0ac52,Raikoh,True,dsdr_4.1,DSDR 4.1,2470833,2023-05-16T21:48:36.000Z
299,02f16364da2abf5800787b87fcbcee1b,Raikoh,True,all_that_glitters_v2.1,All That Glitters v2.1,1685667,2023-05-16T21:09:22.000Z
300,e4d863648b90a060f5a903ade10983ec,Raikoh,True,NuclearWinterR,Nuclear Winter Bar 1.4,1602733,2023-05-16T19:26:28.000Z
301,25ad636476f8362fc151ac92079239d2,Raikoh,True,carrot_mountains_v1.0,Carrot Mountains v1.0,2649167,2023-05-16T16:19:49.000Z
302,749463642721a510bd2de3d2f9838313,Raikoh,True,supreme_strait_v1.4,Supreme Strait v1.4,2142933,2023-05-16T14:34:28.000Z
303,e98f6364411401493556f6ed6f8bb969,Raikoh,True,eight_horses_1.2,Eight Horses 1.2,681667,2023-05-16T14:15:05.000Z
304,09c16264bdc4413539d0ec12fe223415,Raikoh,False,forge_v1.4,Forge v1.4,1623333,2023-05-15T23:32:25.000Z
305,48b86264e4dbf03d38ea518331db28f4,Raikoh,False,NuclearWinterR,Nuclear Winter Bar 1.4,1776900,2023-05-15T22:55:04.000Z
306,5ab1626472a6cf20b43e70b33fa77b70,Raikoh,True,bismuth_valley_v2.2,Bismuth Valley v2.2,1359833,2023-05-15T22:25:30.000Z
307,9e9e626461302982c7561a9fa10491f8,Raikoh,False,all_that_glitters_v2.0,All That Glitters v2.0,1471867,2023-05-15T21:05:34.000Z
308,8f956264b41a099d148c5c0e0d7bc346,Raikoh,True,dsdr_4.1,DSDR 4.1,1817733,2023-05-15T20:26:55.000Z
309,8f626164cfa77a694fd277933885c780,Raikoh,True,supreme_strait_v1.4,Supreme Strait v1.4,3273733,2023-05-14T22:37:03.000Z
310,515561643124490d3ec67d1e7a239f90,Raikoh,False,bismuth_valley_v2.2,Bismuth Valley v2.2,2744967,2023-05-14T21:40:33.000Z
311,923561648cb813aa73dcc7c44e64dea3,Raikoh,True,Riverrun_V1,Riverrun_V1,1265867,2023-05-14T19:25:06.000Z
312,392a6164072ba3c5845fb02f3f4f41d0,Raikoh,False,dsdr_4.1,DSDR 4.1,2431467,2023-05-14T18:36:41.000Z
313,a8066164754816ae2376094da13ca7f3,Raikoh,False,carrot_mountains_v1.0,Carrot Mountains v1.0,2961600,2023-05-14T16:04:56.000Z
314,e5fe6064a2224582530dc2b80c21b63a,Raikoh,False,flats_and_forests_v2.1,Flats and Forests v2.1,1539400,2023-05-14T15:31:49.000Z
315,98f56064259416dbb4440bd3928d7eb9,Raikoh,False,all_that_glitters_v2.0,All That Glitters v2.0,1907200,2023-05-14T14:52:08.000Z
316,84ee6064bf4e1027f08df871814ca52a,Raikoh,True,supreme_strait_v1.4,Supreme Strait v1.4,1320833,2023-05-14T14:21:56.000Z
317,27c35f64a39e9556d2a45a3ce9c22152,Raikoh,True,dsdr_4.1,DSDR 4.1,1711800,2023-05-13T17:04:39.000Z
318,a6bc5f641b22d226ecee93cbe1abe0e2,Raikoh,True,eight_horses_1.2,Eight Horses 1.2,1280433,2023-05-13T16:36:54.000Z
319,14b65f644d3de335062808e2a3692755,Raikoh,True,Riverrun_V1,Riverrun_V1,964133,2023-05-13T16:08:52.000Z
320,eba95f643cb96313eea4e4a5875fd10a,Raikoh,False,all_that_glitters_v2.0,All That Glitters v2.0,2358000,2023-05-13T15:16:59.000Z
321,dca25f642b4c35003f32ba1cd7280140,Raikoh,False,Rosetta1.4,Rosetta 1.4,1123133,2023-05-13T14:46:52.000Z
322,6e975f64240bf99141f49aae475fff68,Raikoh,False,starwatcher_0.9,Starwatcher 0.9,2330567,2023-05-13T13:58:06.000Z
323,d4895f64219b0f31c305c1883fd3cca5,Raikoh,False,forge_v1.4,Forge v1.4,2986667,2023-05-13T13:00:04.000Z
324,a3e45e64e0325215f3aed7470370b208,Raikoh,True,all_that_glitters_v2.0,All That Glitters v2.0,1301533,2023-05-13T01:15:15.000Z
325,abb35e64a45f99105c29d96e2889e231,Raikoh,False,pawn_retreat_1.2,Pawn Retreat 1.2,1905633,2023-05-12T21:46:19.000Z
326,9b9a5e64bd54696d8fe1abf191ef2c83,Raikoh,True,starwatcher_0.9,Starwatcher 0.9,1867600,2023-05-12T19:59:23.000Z
327,a6925e644ae62d9fdf7301810aeb2a8a,Raikoh,False,coastlines_dry_v2.2,Coastlines_Dry_V2.2,1568333,2023-05-12T19:25:26.000Z
328,cf8b5e64e869d4a01695102595b27678,Raikoh,False,flats_and_forests_v2.1,Flats and Forests v2.1,1420367,2023-05-12T18:56:15.000Z
329,11605e6432fc2c05bdde5f5806baa68a,Raikoh,True,eight_horses_1.2,Eight Horses 1.2,1063367,2023-05-12T15:49:37.000Z
330,3b565e6414a05aace6cac546638cf526,Raikoh,True,darkside_v3.0,Darkside v3.0,1817633,2023-05-12T15:07:39.000Z
331,27515e6479a22771e9e911556a0ba942,Raikoh,True,hades_ponds_0.7,Hades Ponds 0.7,726067,2023-05-12T14:45:59.000Z
332,644a5e6451104a2b2c79a2d93693c9b8,Raikoh,False,forge_v1.4,Forge v1.4,1132067,2023-05-12T14:17:08.000Z
333,04615d643f283898f0dd4711ff067b85,Raikoh,True,Rosetta1.4,Rosetta 1.4,2019300,2023-05-11T21:41:24.000Z
334,000a5d64399d4b7fd0476e234064095f,Raikoh,False,dsdr_4.1,DSDR 4.1,1826400,2023-05-11T15:30:08.000Z
335,1fe95c6479f1b5be9d696dad7756f23a,Raikoh,True,all_that_glitters_v2.0,All That Glitters v2.0,3029933,2023-05-11T13:09:51.000Z
336,210a5c645076200738fc4998576e38dd,Raikoh,True,all_that_glitters_v2.0,All That Glitters v2.0,2273833,2023-05-10T21:18:25.000Z
337,7fac5b646891d8909958e5c4ef13927d,Raikoh,True,bismuth_valley_v2.2,Bismuth Valley v2.2,1761133,2023-05-10T14:38:55.000Z
338,eba25b645ee46a704c80c371cea226e8,Raikoh,False,flats_and_forests_v2.1,Flats and Forests v2.1,1895733,2023-05-10T13:58:03.000Z
339,80d25a64d82aa59baff4a98129571852,Raikoh,True,all_that_glitters_v2.0,All That Glitters v2.0,1871767,2023-05-09T23:08:48.000Z
340,f4b45a646a448183450c4486ca4f9650,Raikoh,False,dsdr_4.1,DSDR 4.1,1074600,2023-05-09T21:02:44.000Z
341,e2975a64000c89838f26a763ad2ca707,Raikoh,True,eight_horses_1.2,Eight Horses 1.2,1580333,2023-05-09T18:58:42.000Z
342,0a855a640c2b7bd3aba0f17608436e15,Raikoh,False,dsdr_4.1,DSDR 4.1,1643233,2023-05-09T17:38:18.000Z
343,67785a644a0cfb99bd2e11473226cf91,Raikoh,True,Rosetta1.4,Rosetta 1.4,2663033,2023-05-09T16:44:23.000Z
344,52705a648e722c32521e59c486c61c8e,Raikoh,True,all_that_glitters_v2.0,All That Glitters v2.0,1599700,2023-05-09T16:09:54.000Z
345,0a5d5a648feec53130ad31d30c462eb2,Raikoh,True,all_that_glitters_v2.0,All That Glitters v2.0,1450633,2023-05-09T14:47:38.000Z
346,2e585a644847aa3914070793ff71f5d4,Raikoh,False,dsdr_4.1,DSDR 4.1,862600,2023-05-09T14:26:54.000Z
347,3a4f5a64e0eafaa0eddff108c2f3f856,Raikoh,True,starwatcher_0.7,Starwatcher 0.7,1851300,2023-05-09T13:48:42.000Z
348,f96e59644c9d754f04dff2f4b695b121,Raikoh,True,all_that_glitters_v2.0,All That Glitters v2.0,2203000,2023-05-08T21:51:53.000Z
349,c107596410b49b8a634435e61cb82fc2,Raikoh,True,eight_horses_1.2,Eight Horses 1.2,1629233,2023-05-08T14:31:29.000Z
350,87275864829ea1f6bc76136f48a3dffe,Raikoh,True,koom_valley_3_3.1,Koom Valley 3 3.1,4244333,2023-05-07T22:34:47.000Z
351,661c58645b555bf8cb22d930394b3193,Raikoh,False,all_that_glitters_v2.0,All That Glitters v2.0,2267867,2023-05-07T21:47:18.000Z
352,6514586422ca60717f9bf41b3c6791cd,Raikoh,False,dsdr_4.1,DSDR 4.1,1595567,2023-05-07T21:13:09.000Z
353,aaef56643b50c38e346e8c139cb33bf6,Raikoh,True,ice_scream_v2.5,Ice Scream v2.5,2755633,2023-05-07T00:24:10.000Z
354,05e8566454dae402771b193b86e5b560,Raikoh,False,eight_horses_1.2,Eight Horses 1.2,1492767,2023-05-06T23:51:33.000Z
355,74dd56643d9f77f99c82f0257b4957a0,Raikoh,False,koom_valley_3_3.1,Koom Valley 3 3.1,2255833,2023-05-06T23:06:28.000Z
356,d6d356648b68f26887b17c0b113392e9,Raikoh,False,Rosetta1.4,Rosetta 1.4,1761667,2023-05-06T22:25:26.000Z
357,fbcd56648a8883f5be9fc81771b932b1,Raikoh,False,eight_horses_1.2,Eight Horses 1.2,1166200,2023-05-06T22:00:27.000Z
358,56c25664e7455b3d9a030a4216b4afc9,Raikoh,False,supreme_strait_v1.4,Supreme Strait v1.4,1676733,2023-05-06T21:10:46.000Z
359,eaba5664f0087e5e15255588f0978940,Raikoh,False,supreme_strait_v1.4,Supreme Strait v1.4,1513267,2023-05-06T20:39:06.000Z
360,88895564c4d0de89b95828569cc325e3,Raikoh,True,koom_valley_3_3.1,Koom Valley 3 3.1,1310200,2023-05-05T22:56:08.000Z
361,6e7f5564f38b3e49046bd8cd5e9319e7,Raikoh,True,all_that_glitters_v2.0,All That Glitters v2.0,1820633,2023-05-05T22:13:02.000Z
362,b66e556480069c911f8bd06df10ca0e7,Raikoh,True,dsdr_4.1,DSDR 4.1,2024467,2023-05-05T21:01:42.000Z
363,b85b5564140db4d181880c507425a158,Raikoh,True,forge_v1.4,Forge v1.4,2078933,2023-05-05T19:40:40.000Z
364,6056556421c7eca6be5b7169d5ac1e2c,Raikoh,False,dsdr_4.1,DSDR 4.1,843767,2023-05-05T19:17:52.000Z
365,b81e5564f5c848fbee8da6e1dbf66e04,Raikoh,False,flats_and_forests_v2.1,Flats and Forests v2.1,2216500,2023-05-05T15:20:24.000Z
366,531a5564464884b094d0411ab783d697,Raikoh,True,eight_horses_1.2,Eight Horses 1.2,825033,2023-05-05T15:01:39.000Z
367,41155564d32e5a98788fa37638c228a4,Raikoh,False,hades_ponds_0.7,Hades Ponds 0.7,900733,2023-05-05T14:40:01.000Z
368,f40d5564bc32a977e87cab6c2d721dce,Raikoh,False,forge_v1.4,Forge v1.4,1430700,2023-05-05T14:08:52.000Z
369,7109556488b3090681ba99f473822cea,Raikoh,True,darkside_v3.0,Darkside v3.0,849633,2023-05-05T13:49:37.000Z
370,1df354643dd7ea18c8e423b6048bb79c,Raikoh,False,carrot_mountains_v1.0,Carrot Mountains v1.0,1367900,2023-05-05T12:14:21.000Z
371,72465464bd501ad28ee654f804ffae73,Raikoh,True,dsdr_4.1,DSDR 4.1,1305300,2023-05-04T23:57:38.000Z
372,903d5464c2eb2daca669c1b88f8e0bf1,Raikoh,False,sulphur_springs_v1.1,Sulphur Springs v1.1,1651733,2023-05-04T23:19:44.000Z
373,fc2354642aee34c7924db4d1c5ef5d83,Raikoh,False,koom_valley_3_3.1,Koom Valley 3 3.1,1975167,2023-05-04T21:30:36.000Z
374,cf0b546411079e213ab27240bff6c809,Raikoh,True,bismuth_valley_v2.2,Bismuth Valley v2.2,2010500,2023-05-04T19:47:27.000Z
375,2c025464e4df4ecd267b2c5a43f968fb,Raikoh,False,Rosetta1.4,Rosetta 1.4,479967,2023-05-04T19:06:20.000Z
376,dfc4536419fa27562d9a7f8d67244887,Raikoh,False,dsdr_4.1,DSDR 4.1,2336433,2023-05-04T14:44:47.000Z
377,85e55264bd638d27c92f3f1c61f57752,Raikoh,False,dsdr_4.1,DSDR 4.1,3459000,2023-05-03T22:51:49.000Z
378,3edf526406a252edd0bcc6463c5501dd,Raikoh,False,Rosetta1.4,Rosetta 1.4,1170700,2023-05-03T22:25:02.000Z
379,8aaa52641e0b52c3d7e02c52a9baad65,Raikoh,False,eight_horses_1.2,Eight Horses 1.2,1938533,2023-05-03T18:40:10.000Z
380,227d5264488a1d5298e0f0cd8cac7948,Raikoh,True,starwatcher_0.9,Starwatcher 0.9,1655167,2023-05-03T15:26:26.000Z
381,09665264bcf6a51016ff103a0cbbe66b,Raikoh,False,throne_v8,Throne_V8,2578267,2023-05-03T13:47:53.000Z
382,7346526467c316149c867ba0b4383ae0,Raikoh,False,neurope_remake_4.2,Neurope_Remake 4.2,3557800,2023-05-03T11:33:07.000Z
383,868e5164f4e9ebf5a142c1ac9d2f14cc,Raikoh,True,supreme_strait_v1.4,Supreme Strait v1.4,3453633,2023-05-02T22:28:22.000Z
384,018851646047dc77d47fe7037c70445f,Raikoh,False,darkside_v3.0,Darkside v3.0,1204000,2023-05-02T22:00:33.000Z
385,f17e5164615ea1874b947ccf60bedea4,Raikoh,False,dsdr_4.1,DSDR 4.1,1806300,2023-05-02T21:21:53.000Z
386,50765164b9062d66c4805dea153485d7,Raikoh,True,Rosetta1.4,Rosetta 1.4,1363567,2023-05-02T20:45:04.000Z
387,7d6e5164631f74ce2cf1c94cd0a29b99,Raikoh,False,bismuth_valley_v2.2,Bismuth Valley v2.2,1115700,2023-05-02T20:11:41.000Z
388,776551644f9424954d2562d05f215d3d,Raikoh,True,starwatcher_0.9,Starwatcher 0.9,1535300,2023-05-02T19:33:11.000Z
389,b25b5164acdcf51fd6fbfd4ca3c60b44,Raikoh,False,supreme_strait_v1.4,Supreme Strait v1.4,1750667,2023-05-02T18:51:30.000Z
390,ca545164fde0a07461644aedf0a58a01,Raikoh,False,all_that_glitters_v2.0,All That Glitters v2.0,1329633,2023-05-02T18:22:02.000Z
391,4a29516444804a067ec6f3ee87b3fbf2,Raikoh,True,flats_and_forests_v2.1,Flats and Forests v2.1,1183333,2023-05-02T15:16:26.000Z
392,cb2051643293d9e40197873415ba3e69,Raikoh,False,all_that_glitters_v2.0,All That Glitters v2.0,1681533,2023-05-02T14:40:11.000Z
393,481f5064769914fdb1cdf9ba4f52b227,Raikoh,True,Rosetta1.4,Rosetta 1.4,1134467,2023-05-01T20:21:28.000Z
394,ee165064c194a305e9803d734c559e9d,Raikoh,False,dsdr_4.1,DSDR 4.1,1716800,2023-05-01T19:45:50.000Z
395,af0c5064ea48960c66b87623ad6772fa,Raikoh,False,NuclearWinterR,Nuclear Winter Bar 1.4,1977633,2023-05-01T19:02:07.000Z
396,ce0450645ac5df6acb2b4d7839efccfe,Raikoh,False,hades_ponds_0.7,Hades Ponds 0.7,1598000,2023-05-01T18:28:30.000Z
397,75fd4f649f0c8b01bda8906bf76cffa5,Raikoh,False,all_that_glitters_v2.0,All That Glitters v2.0,1307633,2023-05-01T17:57:09.000Z
398,b3e64f64c7d6366429b2d21c4ecc4410,Raikoh,True,Twin Lakes Park Redux 1.2,Twin Lakes Park Redux 1.2,1935933,2023-05-01T16:20:03.000Z
399,9afd4e64544a398ece8323ab4fab3348,Raikoh,False,ice_scream_v2.5,Ice Scream v2.5,3083667,2023-04-30T23:45:30.000Z
400,b2d34e6404bea49326265797b08568b8,Raikoh,True,Rosetta1.4,Rosetta 1.4,1299700,2023-04-30T20:46:42.000Z
401,a4c64e64d407443f87bc210c3bb4b5ea,Raikoh,False,supreme_strait_v1.4,Supreme Strait v1.4,2837667,2023-04-30T19:51:00.000Z
402,2bc14e64c1063ffad89106af68a11ae3,Raikoh,False,dsdr_4.1,DSDR 4.1,943600,2023-04-30T19:27:39.000Z
403,528c4e640814b651b87781dc82fbc7d8,Raikoh,False,forge_v1.4,Forge v1.4,1928533,2023-04-30T15:42:10.000Z
404,cd7f4e64e431ccdb65bd929fdd8c4751,Raikoh,True,dsdr_4.1,DSDR 4.1,2722200,2023-04-30T14:48:45.000Z
405,21714e643c92bd561731de39431bc60b,Raikoh,False,starwatcher_0.9,Starwatcher 0.9,3176167,2023-04-30T13:46:09.000Z
406,c4664e6433415c2e91e4fccc83fb56ae,Raikoh,True,flats_and_forests_v2.1,Flats and Forests v2.1,2022800,2023-04-30T13:01:56.000Z
407,645b4e64502436da243a97749920a34b,Raikoh,True,supreme_strait_v1.4,Supreme Strait v1.4,2410000,2023-04-30T12:13:24.000Z
408,3fb04d645e20383a3ff362923fe97951,Raikoh,True,forge_v1.4,Forge v1.4,911433,2023-04-30T00:03:11.000Z
409,37a74d64a53bec6bb66e8912ed0b556a,Raikoh,True,darkside_v3.0,Darkside v3.0,1511667,2023-04-29T23:24:39.000Z
410,9e8f4d64c1fabb7a0dc2c8b2ebedfd65,Raikoh,True,supreme_strait_v1.4,Supreme Strait v1.4,2503700,2023-04-29T21:43:58.000Z
411,34764d64c0cbbc8dfa8f4d6ba91daee4,Raikoh,False,ice_scream_v2.5,Ice Scream v2.5,2976867,2023-04-29T19:55:32.000Z
412,c66c4d6477bdf6d8ffc189b733938969,Raikoh,False,carrot_mountains_v1.0,Carrot Mountains v1.0,1744133,2023-04-29T19:15:18.000Z
413,6d4b4c646e1451147b4b77d382091b31,Raikoh,True,supreme_strait_v1.4,Supreme Strait v1.4,2200933,2023-04-28T22:40:45.000Z
414,c33b4c64da074e5bd50e03dbf39aa4a0,Raikoh,True,eight_horses_1.2,Eight Horses 1.2,1730367,2023-04-28T21:33:55.000Z
415,0e324c648af178ca1a551e5ebc985c2b,Raikoh,False,all_that_glitters_1.2,All That Glitters v1.2,2142800,2023-04-28T20:52:30.000Z
416,d32a4c64366d054d1e15ed1ad3dc07fe,Raikoh,True,bismuth_valley_v2.2,Bismuth Valley v2.2,1524467,2023-04-28T20:21:39.000Z
417,f8254c64e21c1684e7bd5fccfb81245a,Raikoh,False,forge_v1.4,Forge v1.4,912867,2023-04-28T20:00:56.000Z
418,18f74b64eddc5a27819210ef6666142a,Raikoh,True,eight_horses_1.2,Eight Horses 1.2,1676900,2023-04-28T16:40:56.000Z
419,02fa4a64cf8eb36b8b1eb440393041e5,Raikoh,False,bismuth_valley_v2.2,Bismuth Valley v2.2,895533,2023-04-27T22:41:06.000Z
420,07f04a647e96d69d955e2091a45250c5,Raikoh,True,carrot_mountains_v1.0,Carrot Mountains v1.0,1810567,2023-04-27T21:58:31.000Z
421,a2e74a6492b7e8ce7a41e58ece4e15a5,Raikoh,True,forge_v1.4,Forge v1.4,1643167,2023-04-27T21:22:42.000Z
422,73d84a64b161dc3254ab64b93104ef4a,Raikoh,True,pawn_retreat_1.2,Pawn Retreat 1.2,1197933,2023-04-27T20:17:55.000Z
423,cad04a649ca7dc81b7e62d115fa82c70,Raikoh,False,koom_valley_3_3.1,Koom Valley 3 3.1,1402333,2023-04-27T19:45:14.000Z
424,52c14a6431dc15daabfe805feee2353a,Raikoh,False,supreme_strait_v1.4,Supreme Strait v1.4,1959800,2023-04-27T18:39:14.000Z
425,64b84a6444e7093f74957e3468faec2f,Raikoh,False,Riverrun_V1,Riverrun_V1,1611233,2023-04-27T18:01:08.000Z
426,bca74964da7959479abf88a34b240e8b,Raikoh,True,dsdr_4.1,DSDR 4.1,3172667,2023-04-26T22:37:48.000Z
427,22854964a14edc092720e750a432a077,Raikoh,True,,Thermal Shock v1.0,882700,2023-04-26T20:10:10.000Z
428,b3794964b59c9dac83b071649c1f0ce6,Raikoh,True,carrot_mountains_v1.0,Carrot Mountains v1.0,2350967,2023-04-26T19:21:23.000Z
429,157349649f92cb42cd88cdb238556426,Raikoh,True,eight_horses_1.2,Eight Horses 1.2,1239900,2023-04-26T18:53:09.000Z
430,32514964482f57af8339863b2d74118e,Raikoh,False,dsdr_4.1,DSDR 4.1,3307733,2023-04-26T16:28:34.000Z
431,c148496446cffa7b23d2cec464d8969f,Raikoh,False,darkside_v3.0,Darkside v3.0,1732867,2023-04-26T15:52:33.000Z
432,a3194964cc3b1ecbae9c471733a7afae,Raikoh,False,all_that_glitters_1.2,All That Glitters v1.2,2904467,2023-04-26T12:31:31.000Z
433,43844864cd5a3d2dcc229f5b09f1c9e0,Raikoh,True,forge_v1.4,Forge v1.4,1006467,2023-04-26T01:54:11.000Z
434,467d486435eb868d16509fcd6e4b7ff2,Raikoh,False,dsdr_4.1,DSDR 4.1,1397700,2023-04-26T01:24:22.000Z
435,aa7548649c09879d2e1d42e7ef5d51b3,Raikoh,False,Rosetta1.4,Rosetta 1.4,1377533,2023-04-26T00:51:54.000Z
436,086448642eac67133b5c390d591fb6fc,Raikoh,False,supreme_strait_v1.4,Supreme Strait v1.4,2236167,2023-04-25T23:36:40.000Z
437,c15c486406c519a4e85d4da64837d2ca,Raikoh,False,hades_ponds_0.7,Hades Ponds 0.7,1301500,2023-04-25T23:05:37.000Z
438,bb554864a07fca033296c617c3c18f15,Raikoh,False,dsdr_4.1,DSDR 4.1,1256267,2023-04-25T22:35:39.000Z
439,ac4a48645baaeb916fd2cfdd55eeadc3,Raikoh,False,eight_horses_1.2,Eight Horses 1.2,2399133,2023-04-25T21:48:28.000Z
440,4b414864e1f752d7ecdb777a47d37108,Raikoh,False,supreme_strait_v1.4,Supreme Strait v1.4,2070700,2023-04-25T21:08:27.000Z
441,5d0e48643a97f8864c03aba2022a10d2,Raikoh,True,ice_scream_v2.5,Ice Scream v2.5,2844533,2023-04-25T17:31:09.000Z
442,340747646dd26390d3f4a3d86a1fe153,Raikoh,False,all_that_glitters_1.2,All That Glitters v1.2,2009833,2023-04-24T22:48:20.000Z
443,d3f746643eb5666e66248f264db3befa,Raikoh,True,Entrenched_Plains_V2,Entrenched_Plains_V2,3217033,2023-04-24T21:42:43.000Z
444,2cd1466436922fd0c4393e1c1ed9a4da,Raikoh,False,all_that_glitters_1.2,All That Glitters v1.2,1914933,2023-04-24T18:57:48.000Z
445,48c5466417599f9f37244557f977a4a1,Raikoh,False,koom_valley_3_3.1,Koom Valley 3 3.1,2533233,2023-04-24T18:07:04.000Z
446,a8b946642f230d73d508f4c6e3755928,Raikoh,True,supreme_strait_v1.4,Supreme Strait v1.4,2492167,2023-04-24T17:17:28.000Z
447,3db5466494e4e7a68e78a163bc698341,Raikoh,True,Tempest_V3,Tempest_V3,736500,2023-04-24T16:58:37.000Z
448,78c44564b10a3ab74883adcb097714fd,Raikoh,False,starwatcher_0.9,Starwatcher 0.9,1227300,2023-04-23T23:51:20.000Z
449,a2b945640c9505f185c33d520d0035fb,Raikoh,False,dsdr_4.1,DSDR 4.1,2155567,2023-04-23T23:05:06.000Z
450,d2ae456443d24fbdf605442b4632ca68,Raikoh,False,Rosetta1.4,Rosetta 1.4,2340033,2023-04-23T22:18:58.000Z
451,27644564304675356af208ea8dac52a9,Raikoh,True,ice_scream_v2.5,Ice Scream v2.5,1464600,2023-04-23T17:00:23.000Z
452,4534456440fa2e63b753c84cd539c781,Raikoh,False,Rosetta1.4,Rosetta 1.4,1778033,2023-04-23T13:36:05.000Z
453,732f456445bef4bbbcdb9d8086f749db,Raikoh,True,Riverrun_V1,Riverrun_V1,837933,2023-04-23T13:15:31.000Z
454,20284564399eb1979e89ca300952d8dd,Raikoh,True,forge_v1.4,Forge v1.4,1107733,2023-04-23T12:44:16.000Z
455,db2245645f5d36c3fd5a04d1cad0c790,Raikoh,False,Tempest_V3,Tempest_V3,806400,2023-04-23T12:21:47.000Z
456,d6854464a959940829abe814be11b976,Raikoh,True,starwatcher_0.9,Starwatcher 0.9,2638633,2023-04-23T01:11:50.000Z
457,2d65446499d9540e313648f147504869,Raikoh,False,ice_scream_v2.5,Ice Scream v2.5,2250633,2023-04-22T22:52:29.000Z
458,bb54446401cdb538235dc09d776e0547,Raikoh,False,darkside_v3.0,Darkside v3.0,1196100,2023-04-22T21:42:19.000Z
459,944c44642484696eb0eda9925828fc37,Raikoh,False,dsdr_4.1,DSDR 4.1,1615600,2023-04-22T21:07:32.000Z
460,f0404464235d7464467710a87acee77f,Raikoh,False,Entrenched_Plains_V2,Entrenched_Plains_V2,2445300,2023-04-22T20:17:52.000Z
461,4a134464c90ce8855503fd4131349713,Raikoh,True,dsdr_4.1,DSDR 4.1,2658867,2023-04-22T17:03:06.000Z
462,3e0a4464ac15f35ee7f9c2551c9448b1,Raikoh,False,eight_horses_1.2,Eight Horses 1.2,1727600,2023-04-22T16:24:30.000Z
463,a6f643642daf5679d9ec702f8ed4521f,Raikoh,False,all_that_glitters_1.2,All That Glitters v1.2,2841567,2023-04-22T15:00:54.000Z
464,96ec436474d62c8bae2be73cbaa2bedb,Raikoh,True,dsdr_4.1,DSDR 4.1,1998467,2023-04-22T14:17:58.000Z
465,b2de436428e54e454795afb728eb0006,Raikoh,False,starwatcher_0.7,Starwatcher 0.7,2607433,2023-04-22T13:18:42.000Z
466,82d6436441e1928ba904717463b7281e,Raikoh,False,Rosetta1.4,Rosetta 1.4,906467,2023-04-22T12:43:46.000Z
467,c42943642ff9a2b6843844b436595a5f,Raikoh,True,supreme_strait_v1.4,Supreme Strait v1.4,3257900,2023-04-22T00:26:44.000Z
468,391e4364afedc5b64d4366ff945c01bd,Raikoh,True,Sunderance V1.3,Sunderance V1.3,2271933,2023-04-21T23:37:29.000Z
469,9df94264b518c0e7592e67822bcc6c1c,Raikoh,False,hotlips_remake_v3.1,Hotlips Remake v3.1,2028767,2023-04-21T21:01:17.000Z
470,1df44264bb7b72ebfd8a333f836d8562,Raikoh,True,starwatcher_0.9,Starwatcher 0.9,952433,2023-04-21T20:37:49.000Z
471,6ce74264656ed36c6b27ef0e41869297,Raikoh,False,dsdr_4.1,DSDR 4.1,2715300,2023-04-21T19:43:40.000Z
472,9cd44264feab6ce6c7d2b3befdc0b05b,Raikoh,False,dsdr_4.1,DSDR 4.1,1376667,2023-04-21T18:23:24.000Z
473,6eca42640763f42fefa2f5874c773a5b,Raikoh,False,eight_horses_1.2,Eight Horses 1.2,1942300,2023-04-21T17:39:58.000Z
474,c7c24264811150ce1615cff0ce934e4f,Raikoh,False,Twin Lakes Park Redux 1.2,Twin Lakes Park Redux 1.2,1238967,2023-04-21T17:07:19.000Z
475,6ab9426491524015b7f4c38c16042e3c,Raikoh,True,Rosetta1.4,Rosetta 1.4,2075866,2023-04-21T16:27:22.000Z
476,74d7416498e7efc82380667c7550e1fc,Raikoh,True,hotlips_remake_v3.1,Hotlips Remake v3.1,666100,2023-04-21T00:23:16.000Z
477,15ca4164d9b17a32c7fa19705b04ff79,Raikoh,False,flats_and_forests_v2.1,Flats and Forests v2.1,1208600,2023-04-20T23:26:13.000Z
478,37bf4164b2bbd87ec58f5cc09823f884,Raikoh,True,supreme_strait_v1.4,Supreme Strait v1.4,1868733,2023-04-20T22:39:51.000Z
479,92a541644d9304821f8bd8e6c7ea9382,Raikoh,False,forge_v1.4,Forge v1.4,1392500,2023-04-20T20:50:26.000Z
480,4e9b4164b7efafab8467e430454bc80a,Raikoh,True,Rosetta1.4,Rosetta 1.4,1620600,2023-04-20T20:06:38.000Z
481,8d924164f07f3a68b1fe806a51827d87,Raikoh,True,flats_and_forests_v2.1,Flats and Forests v2.1,1762433,2023-04-20T19:29:17.000Z
482,667c416418f7d9dbd7897c9684d9564e,Raikoh,False,supreme_strait_v1.4,Supreme Strait v1.4,1838867,2023-04-20T17:54:46.000Z
483,eb754164adcbaa602fa790e577fd4186,Raikoh,True,Rosetta1.4,Rosetta 1.4,1148767,2023-04-20T17:27:07.000Z
484,cb6b4164af20a65aaae68fbfc05f7718,Raikoh,False,bismuth_valley_v2.2,Bismuth Valley v2.2,2141000,2023-04-20T16:43:55.000Z
485,6e5d4164618026ae43ae06b7f7279124,Raikoh,True,dsdr_4.1,DSDR 4.1,3153900,2023-04-20T15:42:38.000Z
486,d2484164ad931301f2d32e59bcea2cbc,Raikoh,True,all_that_glitters_1.2,All That Glitters v1.2,2420800,2023-04-20T14:14:42.000Z
487,a4424164bb3fb8707eaa37bb47a8ff5b,Raikoh,True,all_that_glitters_1.2,All That Glitters v1.2,1345233,2023-04-20T13:48:20.000Z
488,be3341649bbac4b0a90b32a1277d7bab,Raikoh,True,supreme_strait_v1.4,Supreme Strait v1.4,2767167,2023-04-20T12:44:46.000Z
489,512a41644886c2aebcd611bcf026ba1b,Raikoh,False,eight_horses_1.2,Eight Horses 1.2,1678667,2023-04-20T12:04:33.000Z
490,69754064f6cc4e8d1381d79611f2941c,Raikoh,True,forge_v1.4,Forge v1.4,1024433,2023-04-19T23:12:41.000Z
491,0069406444c5a76898ed27126d428d6e,Raikoh,True,koom_valley_3_3.1,Koom Valley 3 3.1,2584667,2023-04-19T22:19:44.000Z
492,91514064554a1b0455a2359316db072c,Raikoh,False,NuclearWinterR,Nuclear Winter Bar 1.4,2370700,2023-04-19T20:39:45.000Z
493,044a4064391082f06820f4c443dd53f0,Raikoh,True,Rosetta1.4,Rosetta 1.4,952367,2023-04-19T20:07:32.000Z
494,a32f40648f3de60600dfc2c555ed83a0,Raikoh,True,starwatcher_0.9,Starwatcher 0.9,1424067,2023-04-19T18:14:59.000Z
495,dd2940646c40eb4f46cca80f2c64e81e,Raikoh,True,Rosetta1.4,Rosetta 1.4,918533,2023-04-19T17:50:21.000Z
496,25234064268bd1f1fddc3b3f50327f6b,Raikoh,False,Rosetta1.4,Rosetta 1.4,1031967,2023-04-19T17:21:41.000Z
497,3e054064f121fac3f2b19cde6ddb9e6d,Raikoh,True,dsdr_4.1,DSDR 4.1,3030900,2023-04-19T15:14:06.000Z
498,38ed3f64a3a3a9da37fb53f6fc060385,Raikoh,False,dsdr_4.1,DSDR 4.1,1847567,2023-04-19T13:31:36.000Z
499,34de3f64394a583ceba375d1116d0f35,Raikoh,True,dsdr_4.1,DSDR 4.1,1386367,2023-04-19T12:27:32.000Z
500,74423464a8f604906c0855cbe06452ea,Raikoh,True,altored_divide_bar_remake_1.6,Altored Divide Bar Remake 1.6,2265367,2023-04-10T17:08:04.000Z
501,99403464b994ab4d4dbac3dbdb43a998,Raikoh,False,supreme_strait_v1.4,Supreme Strait v1.4,950700,2023-04-10T17:00:09.000Z
502,bae332646411b731632d50468838e12c,Raikoh,False,carrot_mountains_v1.0,Carrot Mountains v1.0,1480367,2023-04-09T16:11:38.000Z
503,30ec3164e7827a509912553b6b68e90a,Raikoh,True,dsdr_4.1,DSDR 4.1,1661867,2023-04-08T22:35:28.000Z
504,94e03164551e3958aa700f6e50184794,Raikoh,True,starwatcher_0.9,Starwatcher 0.9,2660900,2023-04-08T21:45:56.000Z
505,9cd63164a141f64a17ea34e727b7deb8,Raikoh,True,koom_valley_3_3.1,Koom Valley 3 3.1,2086600,2023-04-08T21:03:24.000Z
506,d9bd3164a551accbc8281c2fc07e9504,Raikoh,True,altored_divide_bar_remake_1.6,Altored Divide Bar Remake 1.6,1871800,2023-04-08T19:17:45.000Z
507,04b731644897d3a608ddc28b0a4ec90e,Raikoh,False,all_that_glitters_1.2,All That Glitters v1.2,1586933,2023-04-08T18:48:36.000Z
508,fc8a3064c1254c285f3bdb99bd7cb58f,Raikoh,False,bismuth_valley_v2.2,Bismuth Valley v2.2,2740933,2023-04-07T21:28:28.000Z
509,1e7b30640db9ba59572ade475561ba93,Raikoh,True,bismuth_valley_v2.2,Bismuth Valley v2.2,1972367,2023-04-07T20:20:46.000Z
510,4e6a306474abeccbcda8fab3b9939731,Raikoh,False,bismuth_valley_v2.2,Bismuth Valley v2.2,3849200,2023-04-07T19:09:02.000Z
